deviceid,Time,value,device_type,home_id
domxem-C7F92D,2023-05-08 00:00:00+00:00,59.63273755656108,1.0,82.0
domxem-C7F92D,2023-05-08 01:00:00+00:00,49.19087145969499,1.0,82.0
domxem-C7F92D,2023-05-08 02:00:00+00:00,60.56790931989924,1.0,82.0
domxem-C7F92D,2023-05-08 03:00:00+00:00,49.72084705882353,1.0,82.0
domxem-C7F92D,2023-05-08 04:00:00+00:00,54.102657342657345,1.0,82.0
domxem-C7F92D,2023-05-08 05:00:00+00:00,54.579,1.0,82.0
domxem-C7F92D,2023-05-08 06:00:00+00:00,48.29959100204499,1.0,82.0
domxem-C7F92D,2023-05-08 07:00:00+00:00,65.05305239179954,1.0,82.0
domxem-C7F92D,2023-05-08 08:00:00+00:00,50.43269724770642,1.0,82.0
domxem-C7F92D,2023-05-08 09:00:00+00:00,60.330215311004785,1.0,82.0
domxem-C7F92D,2023-05-08 10:00:00+00:00,52.61273137697517,1.0,82.0
domxem-C7F92D,2023-05-08 11:00:00+00:00,54.49427685950413,1.0,82.0
domxem-C7F92D,2023-05-08 12:00:00+00:00,62.57632054176072,1.0,82.0
domxem-C7F92D,2023-05-08 13:00:00+00:00,49.565537190082644,1.0,82.0
domxem-C7F92D,2023-05-08 14:00:00+00:00,63.90484234234234,1.0,82.0
domxem-C7F92D,2023-05-08 15:00:00+00:00,51.737380952380946,1.0,82.0
domxem-C7F92D,2023-05-08 16:00:00+00:00,55.58072124756335,1.0,82.0
domxem-C7F92D,2023-05-08 17:00:00+00:00,51.36220994475138,1.0,82.0
domxem-C7F92D,2023-05-08 18:00:00+00:00,47.330047505938246,1.0,82.0
domxem-C7F92D,2023-05-08 19:00:00+00:00,63.757213114754094,1.0,82.0
domxem-C7F92D,2023-05-08 20:00:00+00:00,47.82370689655173,1.0,82.0
domxem-C7F92D,2023-05-08 21:00:00+00:00,58.04571428571429,1.0,82.0
domxem-C7F92D,2023-05-08 22:00:00+00:00,53.17230769230769,1.0,82.0
domxem-C7F92D,2023-05-08 23:00:00+00:00,52.86817102137767,1.0,82.0
domxem-C7FCB5,2023-05-08 00:00:00+00:00,144.72892739273928,1.0,81.0
domxem-C7FCB5,2023-05-08 01:00:00+00:00,101.0910447761194,1.0,81.0
domxem-C7FCB5,2023-05-08 02:00:00+00:00,68.04738372093023,1.0,81.0
domxem-C7FCB5,2023-05-08 03:00:00+00:00,98.6982191780822,1.0,81.0
domxem-C7FCB5,2023-05-08 04:00:00+00:00,67.78580924855491,1.0,81.0
domxem-C7FCB5,2023-05-08 05:00:00+00:00,64.37274869109947,1.0,81.0
domxem-C7FCB5,2023-05-08 06:00:00+00:00,383.00658894645943,1.0,81.0
domxem-C7FCB5,2023-05-08 07:00:00+00:00,226.74459759481962,1.0,81.0
domxem-C7FCB5,2023-05-08 08:00:00+00:00,191.12042518837458,1.0,81.0
domxem-C7FCB5,2023-05-08 09:00:00+00:00,93.74665509259259,1.0,81.0
domxem-C7FCB5,2023-05-08 10:00:00+00:00,61.495521276595746,1.0,81.0
domxem-C7FCB5,2023-05-08 11:00:00+00:00,104.25717557251909,1.0,81.0
domxem-C7FCB5,2023-05-08 12:00:00+00:00,93.14175490196078,1.0,81.0
domxem-C7FCB5,2023-05-08 13:00:00+00:00,484.7546692607004,1.0,81.0
domxem-C7FCB5,2023-05-08 14:00:00+00:00,153.42461382113822,1.0,81.0
domxem-C7FCB5,2023-05-08 15:00:00+00:00,128.14001699235342,1.0,81.0
domxem-C7FCB5,2023-05-08 16:00:00+00:00,216.02407114624503,1.0,81.0
domxem-C7FCB5,2023-05-08 17:00:00+00:00,98.03636363636363,1.0,81.0
domxem-C7FCB5,2023-05-08 18:00:00+00:00,121.99651933701657,1.0,81.0
domxem-C7FCB5,2023-05-08 19:00:00+00:00,161.7856914893617,1.0,81.0
domxem-C7FCB5,2023-05-08 20:00:00+00:00,190.34102564102562,1.0,81.0
domxem-C7FCB5,2023-05-08 21:00:00+00:00,167.2846875,1.0,81.0
domxem-C7FCB5,2023-05-08 22:00:00+00:00,226.5774827586207,1.0,81.0
domxem-C7FCB5,2023-05-08 23:00:00+00:00,128.87470869912212,1.0,81.0
domxem3-3494546ED134,2023-05-08 00:00:00+00:00,110.70988095238096,2.0,199.0
domxem3-3494546ED134,2023-05-08 01:00:00+00:00,129.67125,2.0,199.0
domxem3-3494546ED134,2023-05-08 02:00:00+00:00,131.65201183431952,2.0,199.0
domxem3-3494546ED134,2023-05-08 03:00:00+00:00,114.39969512195123,2.0,199.0
domxem3-3494546ED134,2023-05-08 04:00:00+00:00,139.65067656765677,2.0,199.0
domxem3-3494546ED134,2023-05-08 05:00:00+00:00,80.86549348230912,2.0,199.0
domxem3-3494546ED134,2023-05-08 06:00:00+00:00,106.18266666666666,2.0,199.0
domxem3-3494546ED134,2023-05-08 07:00:00+00:00,104.79377450980392,2.0,199.0
domxem3-3494546ED134,2023-05-08 08:00:00+00:00,417.6931433506045,2.0,199.0
domxem3-3494546ED134,2023-05-08 09:00:00+00:00,576.070252764613,2.0,199.0
domxem3-3494546ED134,2023-05-08 10:00:00+00:00,464.11294835680746,2.0,199.0
domxem3-3494546ED134,2023-05-08 11:00:00+00:00,197.28567460317458,2.0,199.0
domxem3-3494546ED134,2023-05-08 12:00:00+00:00,264.7650406504065,2.0,199.0
domxem3-3494546ED134,2023-05-08 13:00:00+00:00,324.9104964539007,2.0,199.0
domxem3-3494546ED134,2023-05-08 14:00:00+00:00,233.07916666666665,2.0,199.0
domxem3-3494546ED134,2023-05-08 15:00:00+00:00,43.17301587301588,2.0,199.0
domxem3-3494546ED134,2023-05-08 16:00:00+00:00,47.545680473372784,2.0,199.0
domxem3-3494546ED134,2023-05-08 17:00:00+00:00,131.87604490500863,2.0,199.0
domxem3-3494546ED134,2023-05-08 18:00:00+00:00,184.15801904761906,2.0,199.0
domxem3-3494546ED134,2023-05-08 19:00:00+00:00,902.2003111111111,2.0,199.0
domxem3-3494546ED134,2023-05-08 20:00:00+00:00,283.50517045454546,2.0,199.0
domxem3-3494546ED134,2023-05-08 21:00:00+00:00,208.65082901554405,2.0,199.0
domxem3-3494546ED134,2023-05-08 22:00:00+00:00,122.02279146141215,2.0,199.0
domxem3-3494546ED134,2023-05-08 23:00:00+00:00,118.3971701388889,2.0,199.0
domxem3-3494546ED524,2023-05-08 00:00:00+00:00,13.087862595419846,2.0,275.0
domxem3-3494546ED524,2023-05-08 01:00:00+00:00,11.439435483870968,2.0,275.0
domxem3-3494546ED524,2023-05-08 02:00:00+00:00,21.561761904761905,2.0,275.0
domxem3-3494546ED524,2023-05-08 03:00:00+00:00,10.765806451612903,2.0,275.0
domxem3-3494546ED524,2023-05-08 04:00:00+00:00,10.292635658914728,2.0,275.0
domxem3-3494546ED524,2023-05-08 05:00:00+00:00,18.873425925925925,2.0,275.0
domxem3-3494546ED524,2023-05-08 06:00:00+00:00,13.072942708333334,2.0,275.0
domxem3-3494546ED524,2023-05-08 07:00:00+00:00,14.021266149870803,2.0,275.0
domxem3-3494546ED524,2023-05-08 08:00:00+00:00,10.046040100250627,2.0,275.0
domxem3-3494546ED524,2023-05-08 09:00:00+00:00,19.964912280701753,2.0,275.0
domxem3-3494546ED524,2023-05-08 10:00:00+00:00,174.91056530214425,2.0,275.0
domxem3-3494546ED524,2023-05-08 11:00:00+00:00,43.61976680384088,2.0,275.0
domxem3-3494546ED524,2023-05-08 12:00:00+00:00,33.63601153039832,2.0,275.0
domxem3-3494546ED524,2023-05-08 13:00:00+00:00,30.014038095238096,2.0,275.0
domxem3-3494546ED524,2023-05-08 14:00:00+00:00,19.67591960561244,2.0,275.0
domxem3-3494546ED524,2023-05-08 15:00:00+00:00,27.283685837971554,2.0,275.0
domxem3-3494546ED524,2023-05-08 16:00:00+00:00,20.470977701543738,2.0,275.0
domxem3-3494546ED524,2023-05-08 17:00:00+00:00,122.32225757575758,2.0,275.0
domxem3-3494546ED524,2023-05-08 18:00:00+00:00,37.212003205128205,2.0,275.0
domxem3-3494546ED524,2023-05-08 19:00:00+00:00,10.260356234096692,2.0,275.0
domxem3-3494546ED524,2023-05-08 20:00:00+00:00,10.460461538461539,2.0,275.0
domxem3-3494546ED524,2023-05-08 21:00:00+00:00,10.317410256410255,2.0,275.0
domxem3-3494546ED524,2023-05-08 22:00:00+00:00,10.578118279569892,2.0,275.0
domxem3-3494546ED524,2023-05-08 23:00:00+00:00,16.077684478371502,2.0,275.0
domxem3-349454717054,2023-05-08 00:00:00+00:00,188.36760683760684,2.0,194.0
domxem3-349454717054,2023-05-08 01:00:00+00:00,19.99502880658436,2.0,194.0
domxem3-349454717054,2023-05-08 02:00:00+00:00,16.758982742960946,2.0,194.0
domxem3-349454717054,2023-05-08 03:00:00+00:00,17.522748226950355,2.0,194.0
domxem3-349454717054,2023-05-08 04:00:00+00:00,22.404234470691165,2.0,194.0
domxem3-349454717054,2023-05-08 05:00:00+00:00,17.637887970615242,2.0,194.0
domxem3-349454717054,2023-05-08 06:00:00+00:00,17.996935064935066,2.0,194.0
domxem3-349454717054,2023-05-08 07:00:00+00:00,19.30578378378378,2.0,194.0
domxem3-349454717054,2023-05-08 08:00:00+00:00,17.703822714681444,2.0,194.0
domxem3-349454717054,2023-05-08 09:00:00+00:00,403.84699716713885,2.0,194.0
domxem3-349454717054,2023-05-08 10:00:00+00:00,1083.6614695340502,2.0,194.0
domxem3-349454717054,2023-05-08 11:00:00+00:00,514.0146825396826,2.0,194.0
domxem3-349454717054,2023-05-08 12:00:00+00:00,549.4898172043011,2.0,194.0
domxem3-349454717054,2023-05-08 13:00:00+00:00,283.17979487179485,2.0,194.0
domxem3-349454717054,2023-05-08 14:00:00+00:00,181.2635779816514,2.0,194.0
domxem3-349454717054,2023-05-08 15:00:00+00:00,179.20975124378108,2.0,194.0
domxem3-349454717054,2023-05-08 16:00:00+00:00,338.2061840120664,2.0,194.0
domxem3-349454717054,2023-05-08 17:00:00+00:00,374.498658008658,2.0,194.0
domxem3-349454717054,2023-05-08 18:00:00+00:00,625.681111111111,2.0,194.0
domxem3-349454717054,2023-05-08 19:00:00+00:00,218.0542504409171,2.0,194.0
domxem3-349454717054,2023-05-08 20:00:00+00:00,229.01502074688798,2.0,194.0
domxem3-349454717054,2023-05-08 21:00:00+00:00,579.1028117913833,2.0,194.0
domxem3-349454717054,2023-05-08 22:00:00+00:00,50.58959156785244,2.0,194.0
domxem3-349454717054,2023-05-08 23:00:00+00:00,20.3812324929972,2.0,194.0
domxem3-349454717143,2023-05-08 00:00:00+00:00,41.27436274509804,2.0,251.0
domxem3-349454717143,2023-05-08 01:00:00+00:00,44.53840686274509,2.0,251.0
domxem3-349454717143,2023-05-08 02:00:00+00:00,41.28795865633075,2.0,251.0
domxem3-349454717143,2023-05-08 03:00:00+00:00,53.79545238095238,2.0,251.0
domxem3-349454717143,2023-05-08 04:00:00+00:00,39.58833333333334,2.0,251.0
domxem3-349454717143,2023-05-08 05:00:00+00:00,41.066107382550335,2.0,251.0
domxem3-349454717143,2023-05-08 06:00:00+00:00,54.613541125541126,2.0,251.0
domxem3-349454717143,2023-05-08 07:00:00+00:00,60.300673549655855,2.0,251.0
domxem3-349454717143,2023-05-08 08:00:00+00:00,322.4233047619047,2.0,251.0
domxem3-349454717143,2023-05-08 09:00:00+00:00,158.3657417458164,2.0,251.0
domxem3-349454717143,2023-05-08 10:00:00+00:00,171.24130651340997,2.0,251.0
domxem3-349454717143,2023-05-08 11:00:00+00:00,268.1704548685146,2.0,251.0
domxem3-349454717143,2023-05-08 12:00:00+00:00,216.80200474495848,2.0,251.0
domxem3-349454717143,2023-05-08 13:00:00+00:00,76.27588563458856,2.0,251.0
domxem3-349454717143,2023-05-08 14:00:00+00:00,68.96323283082077,2.0,251.0
domxem3-349454717143,2023-05-08 15:00:00+00:00,139.4726736515328,2.0,251.0
domxem3-349454717143,2023-05-08 16:00:00+00:00,92.43965811965812,2.0,251.0
domxem3-349454717143,2023-05-08 17:00:00+00:00,53.85150110375276,2.0,251.0
domxem3-349454717143,2023-05-08 18:00:00+00:00,67.04014314928425,2.0,251.0
domxem3-349454717143,2023-05-08 19:00:00+00:00,50.65110375275938,2.0,251.0
domxem3-349454717143,2023-05-08 20:00:00+00:00,44.45453431372549,2.0,251.0
domxem3-349454717143,2023-05-08 21:00:00+00:00,42.025074626865674,2.0,251.0
domxem3-349454717143,2023-05-08 22:00:00+00:00,44.55294117647058,2.0,251.0
domxem3-349454717143,2023-05-08 23:00:00+00:00,42.87040404040404,2.0,251.0
domxem3-3494547192C2,2023-05-08 00:00:00+00:00,16.91968992248062,2.0,196.0
domxem3-3494547192C2,2023-05-08 01:00:00+00:00,15.583129770992366,2.0,196.0
domxem3-3494547192C2,2023-05-08 02:00:00+00:00,14.84388888888889,2.0,196.0
domxem3-3494547192C2,2023-05-08 03:00:00+00:00,15.112384615384615,2.0,196.0
domxem3-3494547192C2,2023-05-08 04:00:00+00:00,14.939398496240601,2.0,196.0
domxem3-3494547192C2,2023-05-08 05:00:00+00:00,17.118781094527364,2.0,196.0
domxem3-3494547192C2,2023-05-08 06:00:00+00:00,31.414774774774774,2.0,196.0
domxem3-3494547192C2,2023-05-08 07:00:00+00:00,16.565750636132314,2.0,196.0
domxem3-3494547192C2,2023-05-08 08:00:00+00:00,15.488270676691728,2.0,196.0
domxem3-3494547192C2,2023-05-08 09:00:00+00:00,15.489051282051282,2.0,196.0
domxem3-3494547192C2,2023-05-08 10:00:00+00:00,15.91766917293233,2.0,196.0
domxem3-3494547192C2,2023-05-08 11:00:00+00:00,14.975281690140847,2.0,196.0
domxem3-3494547192C2,2023-05-08 12:00:00+00:00,14.695857142857143,2.0,196.0
domxem3-3494547192C2,2023-05-08 13:00:00+00:00,17.028463356973994,2.0,196.0
domxem3-3494547192C2,2023-05-08 14:00:00+00:00,15.739333333333335,2.0,196.0
domxem3-3494547192C2,2023-05-08 15:00:00+00:00,14.512946859903382,2.0,196.0
domxem3-3494547192C2,2023-05-08 16:00:00+00:00,14.214701492537314,2.0,196.0
domxem3-3494547192C2,2023-05-08 17:00:00+00:00,15.589500000000001,2.0,196.0
domxem3-3494547192C2,2023-05-08 18:00:00+00:00,16.119931972789118,2.0,196.0
domxem3-3494547192C2,2023-05-08 19:00:00+00:00,15.654747474747474,2.0,196.0
domxem3-3494547192C2,2023-05-08 20:00:00+00:00,14.548641025641027,2.0,196.0
domxem3-3494547192C2,2023-05-08 21:00:00+00:00,14.384521963824291,2.0,196.0
domxem3-3494547192C2,2023-05-08 22:00:00+00:00,15.222626262626262,2.0,196.0
domxem3-3494547192C2,2023-05-08 23:00:00+00:00,16.497009803921568,2.0,196.0
domxem3-485519C9AD0E,2023-05-08 00:00:00+00:00,66.79029878618114,2.0,274.0
domxem3-485519C9AD0E,2023-05-08 01:00:00+00:00,69.33606656580939,2.0,274.0
domxem3-485519C9AD0E,2023-05-08 02:00:00+00:00,53.91941964285714,2.0,274.0
domxem3-485519C9AD0E,2023-05-08 03:00:00+00:00,50.981117969821675,2.0,274.0
domxem3-485519C9AD0E,2023-05-08 04:00:00+00:00,86.4868167456556,2.0,274.0
domxem3-485519C9AD0E,2023-05-08 05:00:00+00:00,121.25597163120568,2.0,274.0
domxem3-485519C9AD0E,2023-05-08 06:00:00+00:00,80.81352459016394,2.0,274.0
domxem3-485519C9AD0E,2023-05-08 07:00:00+00:00,70.79661080074487,2.0,274.0
domxem3-485519C9AD0E,2023-05-08 08:00:00+00:00,104.64555894308943,2.0,274.0
domxem3-485519C9AD0E,2023-05-08 09:00:00+00:00,89.890409556314,2.0,274.0
domxem3-485519C9AD0E,2023-05-08 10:00:00+00:00,131.58771117166214,2.0,274.0
domxem3-485519C9AD0E,2023-05-08 11:00:00+00:00,319.82587328767124,2.0,274.0
domxem3-485519C9AD0E,2023-05-08 12:00:00+00:00,173.31012241054614,2.0,274.0
domxem3-485519C9AD0E,2023-05-08 13:00:00+00:00,101.82606060606061,2.0,274.0
domxem3-485519C9AD0E,2023-05-08 14:00:00+00:00,116.37269423558898,2.0,274.0
domxem3-485519C9AD0E,2023-05-08 15:00:00+00:00,102.48446215139442,2.0,274.0
domxem3-485519C9AD0E,2023-05-08 16:00:00+00:00,91.2167601246106,2.0,274.0
domxem3-485519C9AD0E,2023-05-08 17:00:00+00:00,98.9668454661558,2.0,274.0
domxem3-485519C9AD0E,2023-05-08 18:00:00+00:00,110.37152905198776,2.0,274.0
domxem3-485519C9AD0E,2023-05-08 19:00:00+00:00,68.88729216152018,2.0,274.0
domxem3-485519C9AD0E,2023-05-08 20:00:00+00:00,87.98546840958606,2.0,274.0
domxem3-485519C9AD0E,2023-05-08 21:00:00+00:00,78.76357462019661,2.0,274.0
domxem3-485519C9AD0E,2023-05-08 22:00:00+00:00,82.48368055555555,2.0,274.0
domxem3-485519C9AD0E,2023-05-08 23:00:00+00:00,63.45087774294671,2.0,274.0
domxem3-68C63AFADDBF,2023-05-08 00:00:00+00:00,52.296570327552985,2.0,131.0
domxem3-68C63AFADDBF,2023-05-08 01:00:00+00:00,53.46393241167434,2.0,131.0
domxem3-68C63AFADDBF,2023-05-08 02:00:00+00:00,49.422845117845114,2.0,131.0
domxem3-68C63AFADDBF,2023-05-08 03:00:00+00:00,44.25528260869565,2.0,131.0
domxem3-68C63AFADDBF,2023-05-08 04:00:00+00:00,66.21129032258065,2.0,131.0
domxem3-68C63AFADDBF,2023-05-08 05:00:00+00:00,46.91168238993711,2.0,131.0
domxem3-68C63AFADDBF,2023-05-08 06:00:00+00:00,180.54099607843136,2.0,131.0
domxem3-68C63AFADDBF,2023-05-08 07:00:00+00:00,116.57643859649124,2.0,131.0
domxem3-68C63AFADDBF,2023-05-08 08:00:00+00:00,95.4729241516966,2.0,131.0
domxem3-68C63AFADDBF,2023-05-08 09:00:00+00:00,169.9734213421342,2.0,131.0
domxem3-68C63AFADDBF,2023-05-08 10:00:00+00:00,32.979007092198586,2.0,131.0
domxem3-68C63AFADDBF,2023-05-08 11:00:00+00:00,460.15033755274266,2.0,131.0
domxem3-68C63AFADDBF,2023-05-08 12:00:00+00:00,63.801272999572106,2.0,131.0
domxem3-68C63AFADDBF,2023-05-08 13:00:00+00:00,21.234410112359548,2.0,131.0
domxem3-68C63AFADDBF,2023-05-08 14:00:00+00:00,112.17511428571429,2.0,131.0
domxem3-68C63AFADDBF,2023-05-08 15:00:00+00:00,101.58671415004748,2.0,131.0
domxem3-68C63AFADDBF,2023-05-08 16:00:00+00:00,106.79785185185186,2.0,131.0
domxem3-68C63AFADDBF,2023-05-08 17:00:00+00:00,114.12107218683651,2.0,131.0
domxem3-68C63AFADDBF,2023-05-08 18:00:00+00:00,101.90042735042735,2.0,131.0
domxem3-68C63AFADDBF,2023-05-08 19:00:00+00:00,67.92385858585858,2.0,131.0
domxem3-68C63AFADDBF,2023-05-08 20:00:00+00:00,46.43270637408568,2.0,131.0
domxem3-68C63AFADDBF,2023-05-08 21:00:00+00:00,39.86940047961631,2.0,131.0
domxem3-68C63AFADDBF,2023-05-08 22:00:00+00:00,138.7496752136752,2.0,131.0
domxem3-68C63AFADDBF,2023-05-08 23:00:00+00:00,215.88547286821705,2.0,131.0
domxem3-68C63AFADE3A,2023-05-08 00:00:00+00:00,36.491982758620686,2.0,146.0
domxem3-68C63AFADE3A,2023-05-08 01:00:00+00:00,36.39878787878788,2.0,146.0
domxem3-68C63AFADE3A,2023-05-08 02:00:00+00:00,36.56434343434343,2.0,146.0
domxem3-68C63AFADE3A,2023-05-08 03:00:00+00:00,36.650606060606066,2.0,146.0
domxem3-68C63AFADE3A,2023-05-08 04:00:00+00:00,36.741654040404036,2.0,146.0
domxem3-68C63AFADE3A,2023-05-08 05:00:00+00:00,42.40957787481805,2.0,146.0
domxem3-68C63AFADE3A,2023-05-08 06:00:00+00:00,97.6192479108635,2.0,146.0
domxem3-68C63AFADE3A,2023-05-08 07:00:00+00:00,101.75407079646017,2.0,146.0
domxem3-68C63AFADE3A,2023-05-08 08:00:00+00:00,82.81830875122911,2.0,146.0
domxem3-68C63AFADE3A,2023-05-08 09:00:00+00:00,63.661272344900105,2.0,146.0
domxem3-68C63AFADE3A,2023-05-08 10:00:00+00:00,106.5111663597299,2.0,146.0
domxem3-68C63AFADE3A,2023-05-08 11:00:00+00:00,208.39679012345678,2.0,146.0
domxem3-68C63AFADE3A,2023-05-08 12:00:00+00:00,936.5093818466354,2.0,146.0
domxem3-68C63AFADE3A,2023-05-08 13:00:00+00:00,359.8550698080279,2.0,146.0
domxem3-68C63AFADE3A,2023-05-08 14:00:00+00:00,295.9730434782609,2.0,146.0
domxem3-68C63AFADE3A,2023-05-08 15:00:00+00:00,301.521402640264,2.0,146.0
domxem3-68C63AFADE3A,2023-05-08 16:00:00+00:00,498.07115264797505,2.0,146.0
domxem3-68C63AFADE3A,2023-05-08 17:00:00+00:00,453.2787922705314,2.0,146.0
domxem3-68C63AFADE3A,2023-05-08 18:00:00+00:00,433.5766235632184,2.0,146.0
domxem3-68C63AFADE3A,2023-05-08 19:00:00+00:00,434.0215811965812,2.0,146.0
domxem3-68C63AFADE3A,2023-05-08 20:00:00+00:00,428.6575784753363,2.0,146.0
domxem3-68C63AFADE3A,2023-05-08 21:00:00+00:00,170.09053070960047,2.0,146.0
domxem3-68C63AFADE3A,2023-05-08 22:00:00+00:00,147.46884411884412,2.0,146.0
domxem3-68C63AFADE3A,2023-05-08 23:00:00+00:00,146.8438505050505,2.0,146.0
domxem3-68C63AFB072B,2023-05-08 00:00:00+00:00,45.51393442622951,2.0,133.0
domxem3-68C63AFB072B,2023-05-08 01:00:00+00:00,48.03829736211031,2.0,133.0
domxem3-68C63AFB072B,2023-05-08 02:00:00+00:00,51.81417610062893,2.0,133.0
domxem3-68C63AFB072B,2023-05-08 03:00:00+00:00,55.36081818181818,2.0,133.0
domxem3-68C63AFB072B,2023-05-08 04:00:00+00:00,44.87918918918919,2.0,133.0
domxem3-68C63AFB072B,2023-05-08 05:00:00+00:00,53.500952380952384,2.0,133.0
domxem3-68C63AFB072B,2023-05-08 06:00:00+00:00,47.56552757793765,2.0,133.0
domxem3-68C63AFB072B,2023-05-08 07:00:00+00:00,41.56898641588296,2.0,133.0
domxem3-68C63AFB072B,2023-05-08 08:00:00+00:00,44.97933048433049,2.0,133.0
domxem3-68C63AFB072B,2023-05-08 09:00:00+00:00,48.755712418300654,2.0,133.0
domxem3-68C63AFB072B,2023-05-08 10:00:00+00:00,67.09756554307116,2.0,133.0
domxem3-68C63AFB072B,2023-05-08 11:00:00+00:00,49.78286694101509,2.0,133.0
domxem3-68C63AFB072B,2023-05-08 12:00:00+00:00,41.04573787409701,2.0,133.0
domxem3-68C63AFB072B,2023-05-08 13:00:00+00:00,36.567230769230775,2.0,133.0
domxem3-68C63AFB072B,2023-05-08 14:00:00+00:00,46.52480503144654,2.0,133.0
domxem3-68C63AFB072B,2023-05-08 15:00:00+00:00,48.76101694915255,2.0,133.0
domxem3-68C63AFB072B,2023-05-08 16:00:00+00:00,41.99684959349594,2.0,133.0
domxem3-68C63AFB072B,2023-05-08 17:00:00+00:00,54.087855072463775,2.0,133.0
domxem3-68C63AFB072B,2023-05-08 18:00:00+00:00,52.80896214896215,2.0,133.0
domxem3-68C63AFB072B,2023-05-08 19:00:00+00:00,46.225335429769395,2.0,133.0
domxem3-68C63AFB072B,2023-05-08 20:00:00+00:00,58.412406639004146,2.0,133.0
domxem3-68C63AFB072B,2023-05-08 21:00:00+00:00,43.23996610169492,2.0,133.0
domxem3-68C63AFB072B,2023-05-08 22:00:00+00:00,44.492775263951735,2.0,133.0
domxem3-68C63AFB072B,2023-05-08 23:00:00+00:00,44.06684603886398,2.0,133.0
domxem3-68C63AFB1F30,2023-05-08 00:00:00+00:00,56.28701343500363,2.0,126.0
domxem3-68C63AFB1F30,2023-05-08 01:00:00+00:00,58.86102564102564,2.0,126.0
domxem3-68C63AFB1F30,2023-05-08 02:00:00+00:00,55.59682992465016,2.0,126.0
domxem3-68C63AFB1F30,2023-05-08 03:00:00+00:00,72.6902545551983,2.0,126.0
domxem3-68C63AFB1F30,2023-05-08 04:00:00+00:00,64.61461849604706,2.0,126.0
domxem3-68C63AFB1F30,2023-05-08 05:00:00+00:00,61.229872018615474,2.0,126.0
domxem3-68C63AFB1F30,2023-05-08 06:00:00+00:00,72.32255743651754,2.0,126.0
domxem3-68C63AFB1F30,2023-05-08 07:00:00+00:00,441.5496036655212,2.0,126.0
domxem3-68C63AFB1F30,2023-05-08 08:00:00+00:00,492.77409036289356,2.0,126.0
domxem3-68C63AFB1F30,2023-05-08 09:00:00+00:00,300.927667097887,2.0,126.0
domxem3-68C63AFB1F30,2023-05-08 10:00:00+00:00,835.9053239104829,2.0,126.0
domxem3-68C63AFB1F30,2023-05-08 11:00:00+00:00,631.7374021012416,2.0,126.0
domxem3-68C63AFB1F30,2023-05-08 12:00:00+00:00,1029.2774868004224,2.0,126.0
domxem3-68C63AFB1F30,2023-05-08 13:00:00+00:00,486.08133333333336,2.0,126.0
domxem3-68C63AFB1F30,2023-05-08 14:00:00+00:00,193.40652730950777,2.0,126.0
domxem3-68C63AFB1F30,2023-05-08 15:00:00+00:00,170.9210876575784,2.0,126.0
domxem3-68C63AFB1F30,2023-05-08 16:00:00+00:00,689.8299732977302,2.0,126.0
domxem3-68C63AFB1F30,2023-05-08 17:00:00+00:00,965.4396290571871,2.0,126.0
domxem3-68C63AFB1F30,2023-05-08 18:00:00+00:00,670.9152602550844,2.0,126.0
domxem3-68C63AFB1F30,2023-05-08 19:00:00+00:00,435.3711914148051,2.0,126.0
domxem3-68C63AFB1F30,2023-05-08 20:00:00+00:00,118.55396212121212,2.0,126.0
domxem3-68C63AFB1F30,2023-05-08 21:00:00+00:00,128.34424617926476,2.0,126.0
domxem3-68C63AFB1F30,2023-05-08 22:00:00+00:00,118.56141493676927,2.0,126.0
domxem3-68C63AFB1F30,2023-05-08 23:00:00+00:00,56.719157509157505,2.0,126.0
domxem3-68C63AFB2EF7,2023-05-08 00:00:00+00:00,47.84086854460094,2.0,132.0
domxem3-68C63AFB2EF7,2023-05-08 01:00:00+00:00,43.34279805352798,2.0,132.0
domxem3-68C63AFB2EF7,2023-05-08 02:00:00+00:00,30.43471544715447,2.0,132.0
domxem3-68C63AFB2EF7,2023-05-08 03:00:00+00:00,42.802196969696965,2.0,132.0
domxem3-68C63AFB2EF7,2023-05-08 04:00:00+00:00,71.02095607235142,2.0,132.0
domxem3-68C63AFB2EF7,2023-05-08 05:00:00+00:00,39.889323308270676,2.0,132.0
domxem3-68C63AFB2EF7,2023-05-08 06:00:00+00:00,62.67909961685824,2.0,132.0
domxem3-68C63AFB2EF7,2023-05-08 07:00:00+00:00,190.9041569869764,2.0,132.0
domxem3-68C63AFB2EF7,2023-05-08 08:00:00+00:00,117.38822568671121,2.0,132.0
domxem3-68C63AFB2EF7,2023-05-08 09:00:00+00:00,226.996985645933,2.0,132.0
domxem3-68C63AFB2EF7,2023-05-08 10:00:00+00:00,80.10558011049724,2.0,132.0
domxem3-68C63AFB2EF7,2023-05-08 11:00:00+00:00,112.23222222222222,2.0,132.0
domxem3-68C63AFB2EF7,2023-05-08 12:00:00+00:00,72.7254641350211,2.0,132.0
domxem3-68C63AFB2EF7,2023-05-08 13:00:00+00:00,41.0746,2.0,132.0
domxem3-68C63AFB2EF7,2023-05-08 14:00:00+00:00,26.707177777777776,2.0,132.0
domxem3-68C63AFB2EF7,2023-05-08 15:00:00+00:00,32.620047961630696,2.0,132.0
domxem3-68C63AFB2EF7,2023-05-08 16:00:00+00:00,49.25404471544716,2.0,132.0
domxem3-68C63AFB2EF7,2023-05-08 17:00:00+00:00,118.23078895463512,2.0,132.0
domxem3-68C63AFB2EF7,2023-05-08 18:00:00+00:00,106.53365914786967,2.0,132.0
domxem3-68C63AFB2EF7,2023-05-08 19:00:00+00:00,65.62221518987342,2.0,132.0
domxem3-68C63AFB2EF7,2023-05-08 20:00:00+00:00,77.40021367521368,2.0,132.0
domxem3-68C63AFB2EF7,2023-05-08 21:00:00+00:00,69.62644607843137,2.0,132.0
domxem3-68C63AFB2EF7,2023-05-08 22:00:00+00:00,46.836592039801,2.0,132.0
domxem3-68C63AFB2EF7,2023-05-08 23:00:00+00:00,54.9783698296837,2.0,132.0
domxem3-84CCA8ACA770,2023-05-08 00:00:00+00:00,151.08931769722815,2.0,211.0
domxem3-84CCA8ACA770,2023-05-08 01:00:00+00:00,143.59448417591452,2.0,211.0
domxem3-84CCA8ACA770,2023-05-08 02:00:00+00:00,123.23820128479657,2.0,211.0
domxem3-84CCA8ACA770,2023-05-08 03:00:00+00:00,136.12142637447135,2.0,211.0
domxem3-84CCA8ACA770,2023-05-08 04:00:00+00:00,184.85834649815692,2.0,211.0
domxem3-84CCA8ACA770,2023-05-08 05:00:00+00:00,264.20146013448607,2.0,211.0
domxem3-84CCA8ACA770,2023-05-08 06:00:00+00:00,222.2011936936937,2.0,211.0
domxem3-84CCA8ACA770,2023-05-08 07:00:00+00:00,152.48540275049115,2.0,211.0
domxem3-84CCA8ACA770,2023-05-08 08:00:00+00:00,133.18665951359085,2.0,211.0
domxem3-84CCA8ACA770,2023-05-08 09:00:00+00:00,147.34722814498934,2.0,211.0
domxem3-84CCA8ACA770,2023-05-08 10:00:00+00:00,144.88271786492373,2.0,211.0
domxem3-84CCA8ACA770,2023-05-08 11:00:00+00:00,122.93068285814854,2.0,211.0
domxem3-84CCA8ACA770,2023-05-08 12:00:00+00:00,117.51476548514142,2.0,211.0
domxem3-84CCA8ACA770,2023-05-08 13:00:00+00:00,160.2186373390558,2.0,211.0
domxem3-84CCA8ACA770,2023-05-08 14:00:00+00:00,123.57151903237282,2.0,211.0
domxem3-84CCA8ACA770,2023-05-08 15:00:00+00:00,117.26905106970325,2.0,211.0
domxem3-84CCA8ACA770,2023-05-08 16:00:00+00:00,174.04890005583474,2.0,211.0
domxem3-84CCA8ACA770,2023-05-08 17:00:00+00:00,232.56147741147743,2.0,211.0
domxem3-84CCA8ACA770,2023-05-08 18:00:00+00:00,192.90843137254902,2.0,211.0
domxem3-84CCA8ACA770,2023-05-08 19:00:00+00:00,616.2819786096256,2.0,211.0
domxem3-84CCA8ACA770,2023-05-08 20:00:00+00:00,939.5957959542656,2.0,211.0
domxem3-84CCA8ACA770,2023-05-08 21:00:00+00:00,2068.6631872852236,2.0,211.0
domxem3-84CCA8ACA770,2023-05-08 22:00:00+00:00,2088.0631038647343,2.0,211.0
domxem3-84CCA8ACA770,2023-05-08 23:00:00+00:00,1023.6155555555556,2.0,211.0
domxem3-C82B9610EA08,2023-05-08 00:00:00+00:00,13.957666666666666,2.0,145.0
domxem3-C82B9610EA08,2023-05-08 01:00:00+00:00,12.599293333333332,2.0,145.0
domxem3-C82B9610EA08,2023-05-08 02:00:00+00:00,14.505575515635396,2.0,145.0
domxem3-C82B9610EA08,2023-05-08 03:00:00+00:00,12.226629560915274,2.0,145.0
domxem3-C82B9610EA08,2023-05-08 04:00:00+00:00,15.171476793248946,2.0,145.0
domxem3-C82B9610EA08,2023-05-08 05:00:00+00:00,14.084903978052127,2.0,145.0
domxem3-C82B9610EA08,2023-05-08 06:00:00+00:00,12.843730158730159,2.0,145.0
domxem3-C82B9610EA08,2023-05-08 07:00:00+00:00,13.841475204017577,2.0,145.0
domxem3-C82B9610EA08,2023-05-08 08:00:00+00:00,14.277379310344827,2.0,145.0
domxem3-C82B9610EA08,2023-05-08 09:00:00+00:00,31.15655655655656,2.0,145.0
domxem3-C82B9610EA08,2023-05-08 10:00:00+00:00,34.16246828143022,2.0,145.0
domxem3-C82B9610EA08,2023-05-08 11:00:00+00:00,25.423201320132016,2.0,145.0
domxem3-C82B9610EA08,2023-05-08 12:00:00+00:00,40.94379310344828,2.0,145.0
domxem3-C82B9610EA08,2023-05-08 13:00:00+00:00,317.2995785440613,2.0,145.0
domxem3-C82B9610EA08,2023-05-08 14:00:00+00:00,43.831931818181815,2.0,145.0
domxem3-C82B9610EA08,2023-05-08 15:00:00+00:00,30.73238993710692,2.0,145.0
domxem3-C82B9610EA08,2023-05-08 16:00:00+00:00,36.192921245421246,2.0,145.0
domxem3-C82B9610EA08,2023-05-08 17:00:00+00:00,52.63609034267913,2.0,145.0
domxem3-C82B9610EA08,2023-05-08 18:00:00+00:00,315.1937065637066,2.0,145.0
domxem3-C82B9610EA08,2023-05-08 19:00:00+00:00,60.80716586151369,2.0,145.0
domxem3-C82B9610EA08,2023-05-08 20:00:00+00:00,40.838306878306874,2.0,145.0
domxem3-C82B9610EA08,2023-05-08 21:00:00+00:00,42.827103174603174,2.0,145.0
domxem3-C82B9610EA08,2023-05-08 22:00:00+00:00,54.00268333333334,2.0,145.0
domxem3-C82B9610EA08,2023-05-08 23:00:00+00:00,48.46998027613412,2.0,145.0
domxem3-C82B96112D6F,2023-05-08 00:00:00+00:00,-224.79698979591836,2.0,125.0
domxem3-C82B96112D6F,2023-05-08 01:00:00+00:00,-245.16755233494362,2.0,125.0
domxem3-C82B96112D6F,2023-05-08 02:00:00+00:00,-228.12451388888888,2.0,125.0
domxem3-C82B96112D6F,2023-05-08 03:00:00+00:00,-223.0164653243848,2.0,125.0
domxem3-C82B96112D6F,2023-05-08 04:00:00+00:00,-216.4736465324385,2.0,125.0
domxem3-C82B96112D6F,2023-05-08 05:00:00+00:00,-255.41750000000002,2.0,125.0
domxem3-C82B96112D6F,2023-05-08 06:00:00+00:00,-213.88717439293598,2.0,125.0
domxem3-C82B96112D6F,2023-05-08 07:00:00+00:00,-300.58998569384835,2.0,125.0
domxem3-C82B96112D6F,2023-05-08 08:00:00+00:00,-276.8882602001539,2.0,125.0
domxem3-C82B96112D6F,2023-05-08 09:00:00+00:00,-269.59765833333336,2.0,125.0
domxem3-C82B96112D6F,2023-05-08 10:00:00+00:00,-281.6654640151515,2.0,125.0
domxem3-C82B96112D6F,2023-05-08 11:00:00+00:00,-268.80730075625365,2.0,125.0
domxem3-C82B96112D6F,2023-05-08 12:00:00+00:00,-272.84489583333334,2.0,125.0
domxem3-C82B96112D6F,2023-05-08 13:00:00+00:00,-480.8401481481481,2.0,125.0
domxem3-C82B96112D6F,2023-05-08 14:00:00+00:00,-828.268649122807,2.0,125.0
domxem3-C82B96112D6F,2023-05-08 15:00:00+00:00,-581.0777679882526,2.0,125.0
domxem3-C82B96112D6F,2023-05-08 16:00:00+00:00,-245.4484772182254,2.0,125.0
domxem3-C82B96112D6F,2023-05-08 17:00:00+00:00,-689.9833545647558,2.0,125.0
domxem3-C82B96112D6F,2023-05-08 18:00:00+00:00,-232.01800438596493,2.0,125.0
domxem3-C82B96112D6F,2023-05-08 19:00:00+00:00,-231.13518018018019,2.0,125.0
domxem3-C82B96112D6F,2023-05-08 20:00:00+00:00,-228.1463087248322,2.0,125.0
domxem3-C82B96112D6F,2023-05-08 21:00:00+00:00,-569.4574261603376,2.0,125.0
domxem3-C82B96112D6F,2023-05-08 22:00:00+00:00,-711.7024537037038,2.0,125.0
domxem3-C82B96112D6F,2023-05-08 23:00:00+00:00,-275.69266666666664,2.0,125.0
domxem3-C82B9611633D,2023-05-08 18:00:00+00:00,106.57595078299775,2.0,123.0
domxem3-C82B9611633D,2023-05-08 19:00:00+00:00,95.55004219409282,2.0,123.0
domxem3-C82B9611633D,2023-05-08 20:00:00+00:00,86.93569351230424,2.0,123.0
domxem3-C82B9611633D,2023-05-08 21:00:00+00:00,58.36509881422925,2.0,123.0
domxem3-C82B9611633D,2023-05-08 22:00:00+00:00,71.42585858585859,2.0,123.0
domxem3-C82B9611633D,2023-05-08 23:00:00+00:00,64.13928104575163,2.0,123.0
domxem3-C82B96116354,2023-05-08 00:00:00+00:00,-1234.2658670260557,2.0,138.0
domxem3-C82B96116354,2023-05-08 01:00:00+00:00,505.0316835871404,2.0,138.0
domxem3-C82B96116354,2023-05-08 02:00:00+00:00,-573.4669487179486,2.0,138.0
domxem3-C82B96116354,2023-05-08 03:00:00+00:00,-1398.757032520325,2.0,138.0
domxem3-C82B96116354,2023-05-08 04:00:00+00:00,-1114.7061274509804,2.0,138.0
domxem3-C82B96116354,2023-05-08 05:00:00+00:00,-85.51833333333333,2.0,138.0
domxem3-C82B96116354,2023-05-08 06:00:00+00:00,-1442.9697597597599,2.0,138.0
domxem3-C82B96116354,2023-05-08 07:00:00+00:00,-441.02401493930904,2.0,138.0
domxem3-C82B96116354,2023-05-08 08:00:00+00:00,624.7530633802817,2.0,138.0
domxem3-C82B96116354,2023-05-08 09:00:00+00:00,-2095.9326571428574,2.0,138.0
domxem3-C82B96116354,2023-05-08 10:00:00+00:00,-1440.6478846153846,2.0,138.0
domxem3-C82B96116354,2023-05-08 11:00:00+00:00,530.5539318600368,2.0,138.0
domxem3-C82B96116354,2023-05-08 12:00:00+00:00,-226.88962524654832,2.0,138.0
domxem3-C82B96116354,2023-05-08 13:00:00+00:00,-1503.447865079365,2.0,138.0
domxem3-C82B96116354,2023-05-08 14:00:00+00:00,-1492.0725614927906,2.0,138.0
domxem3-C82B96116354,2023-05-08 15:00:00+00:00,168.29435158501443,2.0,138.0
domxem3-C82B96116354,2023-05-08 16:00:00+00:00,-1297.4727938808373,2.0,138.0
domxem3-C82B96116354,2023-05-08 17:00:00+00:00,-572.0286493184634,2.0,138.0
domxem3-C82B96116354,2023-05-08 18:00:00+00:00,203.2729818594104,2.0,138.0
domxem3-C82B96116354,2023-05-08 19:00:00+00:00,-2220.759782051282,2.0,138.0
domxem3-C82B96116354,2023-05-08 20:00:00+00:00,-991.5527171717172,2.0,138.0
domxem3-C82B96116354,2023-05-08 21:00:00+00:00,34.87358490566038,2.0,138.0
domxem3-C82B96116354,2023-05-08 22:00:00+00:00,-112.19208144796379,2.0,138.0
domxem3-C82B96116354,2023-05-08 23:00:00+00:00,-1256.9202574257426,2.0,138.0
domxem3-C8C9A370578A,2023-05-08 00:00:00+00:00,84.99565759637188,2.0,276.0
domxem3-C8C9A370578A,2023-05-08 01:00:00+00:00,33.464424640400246,2.0,276.0
domxem3-C8C9A370578A,2023-05-08 02:00:00+00:00,25.53153811149033,2.0,276.0
domxem3-C8C9A370578A,2023-05-08 03:00:00+00:00,25.627170596393896,2.0,276.0
domxem3-C8C9A370578A,2023-05-08 04:00:00+00:00,27.15067498844198,2.0,276.0
domxem3-C8C9A370578A,2023-05-08 05:00:00+00:00,27.009454724895143,2.0,276.0
domxem3-C8C9A370578A,2023-05-08 06:00:00+00:00,26.851094147582696,2.0,276.0
domxem3-C8C9A370578A,2023-05-08 07:00:00+00:00,60.646741479634244,2.0,276.0
domxem3-C8C9A370578A,2023-05-08 08:00:00+00:00,106.8263577586207,2.0,276.0
domxem3-C8C9A370578A,2023-05-08 09:00:00+00:00,126.70434173669469,2.0,276.0
domxem3-C8C9A370578A,2023-05-08 10:00:00+00:00,94.10309018942607,2.0,276.0
domxem3-C8C9A370578A,2023-05-08 11:00:00+00:00,31.45460373998219,2.0,276.0
domxem3-C8C9A370578A,2023-05-08 12:00:00+00:00,224.41386202450033,2.0,276.0
domxem3-C8C9A370578A,2023-05-08 13:00:00+00:00,338.7499530516432,2.0,276.0
domxem3-C8C9A370578A,2023-05-08 14:00:00+00:00,80.03862700228832,2.0,276.0
domxem3-C8C9A370578A,2023-05-08 15:00:00+00:00,126.5792230576441,2.0,276.0
domxem3-C8C9A370578A,2023-05-08 16:00:00+00:00,179.38949494949495,2.0,276.0
domxem3-C8C9A370578A,2023-05-08 17:00:00+00:00,235.400803080308,2.0,276.0
domxem3-C8C9A370578A,2023-05-08 18:00:00+00:00,148.9175663206459,2.0,276.0
domxem3-C8C9A370578A,2023-05-08 19:00:00+00:00,112.28758672699848,2.0,276.0
domxem3-C8C9A370578A,2023-05-08 20:00:00+00:00,137.8983963963964,2.0,276.0
domxem3-C8C9A370578A,2023-05-08 21:00:00+00:00,96.8578888888889,2.0,276.0
domxem3-C8C9A370578A,2023-05-08 22:00:00+00:00,102.67834876543209,2.0,276.0
domxem3-C8C9A370578A,2023-05-08 23:00:00+00:00,65.90173967459324,2.0,276.0
domxem3-ECFABCC7EDFF,2023-05-08 00:00:00+00:00,-4.254492753623189,2.0,3.0
domxem3-ECFABCC7EDFF,2023-05-08 01:00:00+00:00,-4.302283464566929,2.0,3.0
domxem3-ECFABCC7EDFF,2023-05-08 02:00:00+00:00,-4.318387978142076,2.0,3.0
domxem3-ECFABCC7EDFF,2023-05-08 03:00:00+00:00,-3.872448979591837,2.0,3.0
domxem3-ECFABCC7EDFF,2023-05-08 04:00:00+00:00,-4.413089430894309,2.0,3.0
domxem3-ECFABCC7EDFF,2023-05-08 05:00:00+00:00,-4.34424,2.0,3.0
domxem3-ECFABCC7EDFF,2023-05-08 06:00:00+00:00,-4.159590163934427,2.0,3.0
domxem3-ECFABCC7EDFF,2023-05-08 07:00:00+00:00,19.93905303030303,2.0,3.0
domxem3-ECFABCC7EDFF,2023-05-08 08:00:00+00:00,18.604823529411764,2.0,3.0
domxem3-ECFABCC7EDFF,2023-05-08 09:00:00+00:00,68.92645645645645,2.0,3.0
domxem3-ECFABCC7EDFF,2023-05-08 10:00:00+00:00,59.00827956989247,2.0,3.0
domxem3-ECFABCC7EDFF,2023-05-08 11:00:00+00:00,54.08681081081081,2.0,3.0
domxem3-ECFABCC7EDFF,2023-05-08 12:00:00+00:00,-3.229884259259259,2.0,3.0
domxem3-ECFABCC7EDFF,2023-05-08 13:00:00+00:00,-4.376666666666667,2.0,3.0
domxem3-ECFABCC7EDFF,2023-05-08 14:00:00+00:00,19.514376590330787,2.0,3.0
domxem3-ECFABCC7EDFF,2023-05-08 15:00:00+00:00,462.04973389355746,2.0,3.0
domxem3-ECFABCC7EDFF,2023-05-08 16:00:00+00:00,53.20873701605288,2.0,3.0
domxem3-ECFABCC7EDFF,2023-05-08 17:00:00+00:00,11.674134697357204,2.0,3.0
domxem3-ECFABCC7EDFF,2023-05-08 18:00:00+00:00,7.12560113960114,2.0,3.0
domxem3-ECFABCC7EDFF,2023-05-08 19:00:00+00:00,6.139008714596949,2.0,3.0
domxem3-ECFABCC7EDFF,2023-05-08 20:00:00+00:00,13.478610690872415,2.0,3.0
domxem3-ECFABCC7EDFF,2023-05-08 21:00:00+00:00,12.806653944020356,2.0,3.0
domxem3-ECFABCC7EDFF,2023-05-08 22:00:00+00:00,-1.8032846715328466,2.0,3.0
domxem3-ECFABCC7EDFF,2023-05-08 23:00:00+00:00,-3.0514035087719296,2.0,3.0
domxem3-ECFABCC7EE1B,2023-05-08 00:00:00+00:00,79.42120527306967,2.0,38.0
domxem3-ECFABCC7EE1B,2023-05-08 01:00:00+00:00,77.13865,2.0,38.0
domxem3-ECFABCC7EE1B,2023-05-08 02:00:00+00:00,79.40489220563848,2.0,38.0
domxem3-ECFABCC7EE1B,2023-05-08 03:00:00+00:00,72.93546531302877,2.0,38.0
domxem3-ECFABCC7EE1B,2023-05-08 04:00:00+00:00,69.47982728842833,2.0,38.0
domxem3-ECFABCC7EE1B,2023-05-08 05:00:00+00:00,76.25137457044674,2.0,38.0
domxem3-ECFABCC7EE1B,2023-05-08 06:00:00+00:00,86.74593434343434,2.0,38.0
domxem3-ECFABCC7EE1B,2023-05-08 07:00:00+00:00,98.05298969072165,2.0,38.0
domxem3-ECFABCC7EE1B,2023-05-08 08:00:00+00:00,92.25931271477663,2.0,38.0
domxem3-ECFABCC7EE1B,2023-05-08 09:00:00+00:00,472.7482363315697,2.0,38.0
domxem3-ECFABCC7EE1B,2023-05-08 10:00:00+00:00,475.15462081128743,2.0,38.0
domxem3-ECFABCC7EE1B,2023-05-08 11:00:00+00:00,489.9938639455782,2.0,38.0
domxem3-ECFABCC7EE1B,2023-05-08 12:00:00+00:00,135.83441176470586,2.0,38.0
domxem3-ECFABCC7EE1B,2023-05-08 13:00:00+00:00,538.0616740088105,2.0,38.0
domxem3-ECFABCC7EE1B,2023-05-08 14:00:00+00:00,495.5229498525074,2.0,38.0
domxem3-ECFABCC7EE1B,2023-05-08 15:00:00+00:00,389.6401834862385,2.0,38.0
domxem3-ECFABCC7EE1B,2023-05-08 16:00:00+00:00,133.67475757575758,2.0,38.0
domxem3-ECFABCC7EE1B,2023-05-08 17:00:00+00:00,123.32408554572271,2.0,38.0
domxem3-ECFABCC7EE1B,2023-05-08 18:00:00+00:00,232.41714035087716,2.0,38.0
domxem3-ECFABCC7EE1B,2023-05-08 19:00:00+00:00,206.966,2.0,38.0
domxem3-ECFABCC7EE1B,2023-05-08 20:00:00+00:00,139.1552760736196,2.0,38.0
domxem3-ECFABCC7EE1B,2023-05-08 21:00:00+00:00,142.20058823529413,2.0,38.0
domxem3-ECFABCC7EE1B,2023-05-08 22:00:00+00:00,138.53319105691057,2.0,38.0
domxem3-ECFABCC7EE1B,2023-05-08 23:00:00+00:00,115.26310975609755,2.0,38.0
domxem3-ECFABCC7EE50,2023-05-08 00:00:00+00:00,34.752360248447204,2.0,1.0
domxem3-ECFABCC7EE50,2023-05-08 01:00:00+00:00,139.77722627737228,2.0,1.0
domxem3-ECFABCC7EE50,2023-05-08 02:00:00+00:00,88.37734265734265,2.0,1.0
domxem3-ECFABCC7EE50,2023-05-08 03:00:00+00:00,52.45435244161359,2.0,1.0
domxem3-ECFABCC7EE50,2023-05-08 04:00:00+00:00,32.50473484848485,2.0,1.0
domxem3-ECFABCC7EE50,2023-05-08 05:00:00+00:00,38.85989177489178,2.0,1.0
domxem3-ECFABCC7EE50,2023-05-08 06:00:00+00:00,46.171387283236996,2.0,1.0
domxem3-ECFABCC7EE50,2023-05-08 07:00:00+00:00,32.06887489504618,2.0,1.0
domxem3-ECFABCC7EE50,2023-05-08 08:00:00+00:00,54.00361006289309,2.0,1.0
domxem3-ECFABCC7EE50,2023-05-08 09:00:00+00:00,28.025448717948716,2.0,1.0
domxem3-ECFABCC7EE50,2023-05-08 10:00:00+00:00,50.56949317738792,2.0,1.0
domxem3-ECFABCC7EE50,2023-05-08 11:00:00+00:00,23.143026634382565,2.0,1.0
domxem3-ECFABCC7EE50,2023-05-08 12:00:00+00:00,57.44892551892551,2.0,1.0
domxem3-ECFABCC7EE50,2023-05-08 13:00:00+00:00,33.968059701492535,2.0,1.0
domxem3-ECFABCC7EE50,2023-05-08 14:00:00+00:00,38.36026923076923,2.0,1.0
domxem3-ECFABCC7EE50,2023-05-08 15:00:00+00:00,47.14765853658537,2.0,1.0
domxem3-ECFABCC7EE50,2023-05-08 16:00:00+00:00,25.57183215130024,2.0,1.0
domxem3-ECFABCC7EE50,2023-05-08 17:00:00+00:00,57.04857677902621,2.0,1.0
domxem3-ECFABCC7EE50,2023-05-08 18:00:00+00:00,22.383286163522012,2.0,1.0
domxem3-ECFABCC7EE50,2023-05-08 19:00:00+00:00,52.12770519262982,2.0,1.0
domxem3-ECFABCC7EE50,2023-05-08 20:00:00+00:00,25.757885802469136,2.0,1.0
domxem3-ECFABCC7EE50,2023-05-08 21:00:00+00:00,57.22534216335541,2.0,1.0
domxem3-ECFABCC7EE50,2023-05-08 22:00:00+00:00,35.83234513274336,2.0,1.0
domxem3-ECFABCC7EE50,2023-05-08 23:00:00+00:00,48.419651022864024,2.0,1.0
domxem3-ECFABCC7EEBA,2023-05-08 00:00:00+00:00,31.420616605616605,2.0,22.0
domxem3-ECFABCC7EEBA,2023-05-08 01:00:00+00:00,85.27074367088606,2.0,22.0
domxem3-ECFABCC7EEBA,2023-05-08 02:00:00+00:00,59.88343660355709,2.0,22.0
domxem3-ECFABCC7EEBA,2023-05-08 03:00:00+00:00,71.77901075268817,2.0,22.0
domxem3-ECFABCC7EEBA,2023-05-08 04:00:00+00:00,52.65629057187017,2.0,22.0
domxem3-ECFABCC7EEBA,2023-05-08 05:00:00+00:00,40.6301282051282,2.0,22.0
domxem3-ECFABCC7EEBA,2023-05-08 06:00:00+00:00,57.89085844748858,2.0,22.0
domxem3-ECFABCC7EEBA,2023-05-08 07:00:00+00:00,29.351787003610106,2.0,22.0
domxem3-ECFABCC7EEBA,2023-05-08 08:00:00+00:00,82.90006230529595,2.0,22.0
domxem3-ECFABCC7EEBA,2023-05-08 09:00:00+00:00,39.840924731182795,2.0,22.0
domxem3-ECFABCC7EEBA,2023-05-08 10:00:00+00:00,174.24229426433917,2.0,22.0
domxem3-ECFABCC7EEBA,2023-05-08 11:00:00+00:00,99.27298245614035,2.0,22.0
domxem3-ECFABCC7EEBA,2023-05-08 12:00:00+00:00,82.50281198003329,2.0,22.0
domxem3-ECFABCC7EEBA,2023-05-08 13:00:00+00:00,80.77251507321274,2.0,22.0
domxem3-ECFABCC7EEBA,2023-05-08 14:00:00+00:00,96.6108843537415,2.0,22.0
domxem3-ECFABCC7EEBA,2023-05-08 15:00:00+00:00,18.63817384370016,2.0,22.0
domxem3-ECFABCC7EEBA,2023-05-08 16:00:00+00:00,49.80189276485788,2.0,22.0
domxem3-ECFABCC7EEBA,2023-05-08 17:00:00+00:00,88.06592970521541,2.0,22.0
domxem3-ECFABCC7EEBA,2023-05-08 18:00:00+00:00,366.5163025889968,2.0,22.0
domxem3-ECFABCC7EEBA,2023-05-08 19:00:00+00:00,36.415894179894174,2.0,22.0
domxem3-ECFABCC7EEBA,2023-05-08 20:00:00+00:00,58.00057170542635,2.0,22.0
domxem3-ECFABCC7EEBA,2023-05-08 21:00:00+00:00,64.88864928909952,2.0,22.0
domxem3-ECFABCC7EEBA,2023-05-08 22:00:00+00:00,19.788626919602528,2.0,22.0
domxem3-ECFABCC7EEBA,2023-05-08 23:00:00+00:00,72.07163277880468,2.0,22.0
domxem3-ECFABCC7EED2,2023-05-08 00:00:00+00:00,220.6848590381426,2.0,24.0
domxem3-ECFABCC7EED2,2023-05-08 01:00:00+00:00,362.6801633986928,2.0,24.0
domxem3-ECFABCC7EED2,2023-05-08 02:00:00+00:00,363.3765783664459,2.0,24.0
domxem3-ECFABCC7EED2,2023-05-08 03:00:00+00:00,424.97696969696966,2.0,24.0
domxem3-ECFABCC7EED2,2023-05-08 04:00:00+00:00,216.85435745353897,2.0,24.0
domxem3-ECFABCC7EED2,2023-05-08 05:00:00+00:00,383.6711928651059,2.0,24.0
domxem3-ECFABCC7EED2,2023-05-08 06:00:00+00:00,2674.1340223944876,2.0,24.0
domxem3-ECFABCC7EED2,2023-05-08 07:00:00+00:00,551.6460793287566,2.0,24.0
domxem3-ECFABCC7EED2,2023-05-08 08:00:00+00:00,1373.1352804232806,2.0,24.0
domxem3-ECFABCC7EED2,2023-05-08 09:00:00+00:00,1027.7142457091236,2.0,24.0
domxem3-ECFABCC7EED2,2023-05-08 10:00:00+00:00,944.8919417475728,2.0,24.0
domxem3-ECFABCC7EED2,2023-05-08 11:00:00+00:00,822.470447454844,2.0,24.0
domxem3-ECFABCC7EED2,2023-05-08 12:00:00+00:00,1126.9625725338492,2.0,24.0
domxem3-ECFABCC7EED2,2023-05-08 13:00:00+00:00,641.0679001650166,2.0,24.0
domxem3-ECFABCC7EED2,2023-05-08 14:00:00+00:00,169.0004517843584,2.0,24.0
domxem3-ECFABCC7EED2,2023-05-08 15:00:00+00:00,419.13927731092434,2.0,24.0
domxem3-ECFABCC7EED2,2023-05-08 16:00:00+00:00,966.4590999999999,2.0,24.0
domxem3-ECFABCC7EED2,2023-05-08 17:00:00+00:00,326.4230795847751,2.0,24.0
domxem3-ECFABCC7EED2,2023-05-08 18:00:00+00:00,389.89348101265824,2.0,24.0
domxem3-ECFABCC7EED2,2023-05-08 19:00:00+00:00,396.33893416927896,2.0,24.0
domxem3-ECFABCC7EED2,2023-05-08 20:00:00+00:00,422.2099365079365,2.0,24.0
domxem3-ECFABCC7EED2,2023-05-08 21:00:00+00:00,597.7093778538813,2.0,24.0
domxem3-ECFABCC7EED2,2023-05-08 22:00:00+00:00,868.2245625511039,2.0,24.0
domxem3-ECFABCC7EED2,2023-05-08 23:00:00+00:00,797.2056710310966,2.0,24.0
domxem3-ECFABCC7EF31,2023-05-08 00:00:00+00:00,58.10757105943153,2.0,15.0
domxem3-ECFABCC7EF31,2023-05-08 01:00:00+00:00,59.194769647696475,2.0,15.0
domxem3-ECFABCC7EF31,2023-05-08 02:00:00+00:00,59.97645333333333,2.0,15.0
domxem3-ECFABCC7EF31,2023-05-08 03:00:00+00:00,57.04787634408603,2.0,15.0
domxem3-ECFABCC7EF31,2023-05-08 04:00:00+00:00,54.49737704918033,2.0,15.0
domxem3-ECFABCC7EF31,2023-05-08 05:00:00+00:00,59.08397849462366,2.0,15.0
domxem3-ECFABCC7EF31,2023-05-08 06:00:00+00:00,55.17172043010753,2.0,15.0
domxem3-ECFABCC7EF31,2023-05-08 07:00:00+00:00,289.89936981757876,2.0,15.0
domxem3-ECFABCC7EF31,2023-05-08 08:00:00+00:00,33.270797101449276,2.0,15.0
domxem3-ECFABCC7EF31,2023-05-08 09:00:00+00:00,21.58298245614035,2.0,15.0
domxem3-ECFABCC7EF31,2023-05-08 10:00:00+00:00,8.292984496124031,2.0,15.0
domxem3-ECFABCC7EF31,2023-05-08 11:00:00+00:00,17.848565121412804,2.0,15.0
domxem3-ECFABCC7EF31,2023-05-08 12:00:00+00:00,21.957961630695443,2.0,15.0
domxem3-ECFABCC7EF31,2023-05-08 13:00:00+00:00,8.25492673992674,2.0,15.0
domxem3-ECFABCC7EF31,2023-05-08 14:00:00+00:00,247.18021686746988,2.0,15.0
domxem3-ECFABCC7EF31,2023-05-08 15:00:00+00:00,82.70244292237443,2.0,15.0
domxem3-ECFABCC7EF31,2023-05-08 16:00:00+00:00,50.74309604519774,2.0,15.0
domxem3-ECFABCC7EF31,2023-05-08 17:00:00+00:00,22.92055979643766,2.0,15.0
domxem3-ECFABCC7EF31,2023-05-08 18:00:00+00:00,13.411019607843137,2.0,15.0
domxem3-ECFABCC7EF31,2023-05-08 19:00:00+00:00,11.345968992248062,2.0,15.0
domxem3-ECFABCC7EF31,2023-05-08 20:00:00+00:00,1074.6323529411766,2.0,15.0
domxem3-ECFABCC7EF31,2023-05-08 21:00:00+00:00,2221.5103333333336,2.0,15.0
domxem3-ECFABCC7EF31,2023-05-08 22:00:00+00:00,175.5897493734336,2.0,15.0
domxem3-ECFABCC7EF31,2023-05-08 23:00:00+00:00,60.96910761154856,2.0,15.0
domxem3-ECFABCC7F05A,2023-05-08 00:00:00+00:00,48.807402298850576,2.0,29.0
domxem3-ECFABCC7F05A,2023-05-08 01:00:00+00:00,40.70709750566894,2.0,29.0
domxem3-ECFABCC7F05A,2023-05-08 02:00:00+00:00,41.217471264367816,2.0,29.0
domxem3-ECFABCC7F05A,2023-05-08 03:00:00+00:00,38.555071428571424,2.0,29.0
domxem3-ECFABCC7F05A,2023-05-08 04:00:00+00:00,41.69713675213675,2.0,29.0
domxem3-ECFABCC7F05A,2023-05-08 05:00:00+00:00,37.71088729016787,2.0,29.0
domxem3-ECFABCC7F05A,2023-05-08 06:00:00+00:00,39.9120045045045,2.0,29.0
domxem3-ECFABCC7F05A,2023-05-08 07:00:00+00:00,41.8324487895717,2.0,29.0
domxem3-ECFABCC7F05A,2023-05-08 08:00:00+00:00,174.14719931271478,2.0,29.0
domxem3-ECFABCC7F05A,2023-05-08 09:00:00+00:00,60.30096539162113,2.0,29.0
domxem3-ECFABCC7F05A,2023-05-08 10:00:00+00:00,94.105875,2.0,29.0
domxem3-ECFABCC7F05A,2023-05-08 11:00:00+00:00,470.8987626962142,2.0,29.0
domxem3-ECFABCC7F05A,2023-05-08 12:00:00+00:00,322.39644444444446,2.0,29.0
domxem3-ECFABCC7F05A,2023-05-08 13:00:00+00:00,79.39059701492538,2.0,29.0
domxem3-ECFABCC7F05A,2023-05-08 14:00:00+00:00,71.7965931372549,2.0,29.0
domxem3-ECFABCC7F05A,2023-05-08 15:00:00+00:00,66.09804615384616,2.0,29.0
domxem3-ECFABCC7F05A,2023-05-08 16:00:00+00:00,65.77163677130044,2.0,29.0
domxem3-ECFABCC7F05A,2023-05-08 17:00:00+00:00,94.5706170212766,2.0,29.0
domxem3-ECFABCC7F05A,2023-05-08 18:00:00+00:00,79.75059539330725,2.0,29.0
domxem3-ECFABCC7F05A,2023-05-08 19:00:00+00:00,158.9742857142857,2.0,29.0
domxem3-ECFABCC7F05A,2023-05-08 20:00:00+00:00,82.46669902912622,2.0,29.0
domxem3-ECFABCC7F05A,2023-05-08 21:00:00+00:00,73.40318864774625,2.0,29.0
domxem3-ECFABCC7F05A,2023-05-08 22:00:00+00:00,109.09476190476191,2.0,29.0
domxem3-ECFABCC7F05A,2023-05-08 23:00:00+00:00,350.3227828282828,2.0,29.0
domxem3-ECFABCC7F071,2023-05-08 00:00:00+00:00,23.501245297215952,2.0,39.0
domxem3-ECFABCC7F071,2023-05-08 01:00:00+00:00,25.139708333333335,2.0,39.0
domxem3-ECFABCC7F071,2023-05-08 02:00:00+00:00,24.955312383090163,2.0,39.0
domxem3-ECFABCC7F071,2023-05-08 03:00:00+00:00,22.808287461773702,2.0,39.0
domxem3-ECFABCC7F071,2023-05-08 04:00:00+00:00,24.544627496159755,2.0,39.0
domxem3-ECFABCC7F071,2023-05-08 05:00:00+00:00,22.53366202629544,2.0,39.0
domxem3-ECFABCC7F071,2023-05-08 06:00:00+00:00,86.60941218637993,2.0,39.0
domxem3-ECFABCC7F071,2023-05-08 07:00:00+00:00,90.79381578947368,2.0,39.0
domxem3-ECFABCC7F071,2023-05-08 08:00:00+00:00,97.2060056022409,2.0,39.0
domxem3-ECFABCC7F071,2023-05-08 09:00:00+00:00,93.8170235324541,2.0,39.0
domxem3-ECFABCC7F071,2023-05-08 10:00:00+00:00,76.66627234042552,2.0,39.0
domxem3-ECFABCC7F071,2023-05-08 11:00:00+00:00,41.95704255319149,2.0,39.0
domxem3-ECFABCC7F071,2023-05-08 12:00:00+00:00,26.46565131837859,2.0,39.0
domxem3-ECFABCC7F071,2023-05-08 13:00:00+00:00,19.60654989384289,2.0,39.0
domxem3-ECFABCC7F071,2023-05-08 14:00:00+00:00,24.851287328490717,2.0,39.0
domxem3-ECFABCC7F071,2023-05-08 15:00:00+00:00,24.072755606233372,2.0,39.0
domxem3-ECFABCC7F071,2023-05-08 16:00:00+00:00,21.870662227155012,2.0,39.0
domxem3-ECFABCC7F071,2023-05-08 17:00:00+00:00,26.1949298679868,2.0,39.0
domxem3-ECFABCC7F071,2023-05-08 18:00:00+00:00,21.953301960784312,2.0,39.0
domxem3-ECFABCC7F071,2023-05-08 19:00:00+00:00,143.18510762070972,2.0,39.0
domxem3-ECFABCC7F071,2023-05-08 20:00:00+00:00,166.6691885661595,2.0,39.0
domxem3-ECFABCC7F071,2023-05-08 21:00:00+00:00,153.62076446722187,2.0,39.0
domxem3-ECFABCC7F071,2023-05-08 22:00:00+00:00,137.36894999999998,2.0,39.0
domxem3-ECFABCC7F071,2023-05-08 23:00:00+00:00,55.5190841510556,2.0,39.0
domxem3-ECFABCC7F094,2023-05-08 00:00:00+00:00,56.3185641025641,2.0,11.0
domxem3-ECFABCC7F094,2023-05-08 01:00:00+00:00,49.872371794871796,2.0,11.0
domxem3-ECFABCC7F094,2023-05-08 02:00:00+00:00,28.332882352941176,2.0,11.0
domxem3-ECFABCC7F094,2023-05-08 03:00:00+00:00,69.04435129740519,2.0,11.0
domxem3-ECFABCC7F094,2023-05-08 04:00:00+00:00,40.16491987179487,2.0,11.0
domxem3-ECFABCC7F094,2023-05-08 05:00:00+00:00,40.6163725490196,2.0,11.0
domxem3-ECFABCC7F094,2023-05-08 06:00:00+00:00,59.806352201257866,2.0,11.0
domxem3-ECFABCC7F094,2023-05-08 07:00:00+00:00,56.562486111111106,2.0,11.0
domxem3-ECFABCC7F094,2023-05-08 08:00:00+00:00,78.35624242424242,2.0,11.0
domxem3-ECFABCC7F094,2023-05-08 09:00:00+00:00,86.82767634854771,2.0,11.0
domxem3-ECFABCC7F094,2023-05-08 10:00:00+00:00,60.39478114478114,2.0,11.0
domxem3-ECFABCC7F094,2023-05-08 11:00:00+00:00,27.33778563015312,2.0,11.0
domxem3-ECFABCC7F094,2023-05-08 12:00:00+00:00,111.44420982735724,2.0,11.0
domxem3-ECFABCC7F094,2023-05-08 13:00:00+00:00,65.8885994397759,2.0,11.0
domxem3-ECFABCC7F094,2023-05-08 14:00:00+00:00,83.26861818181818,2.0,11.0
domxem3-ECFABCC7F094,2023-05-08 15:00:00+00:00,81.68005148005149,2.0,11.0
domxem3-ECFABCC7F094,2023-05-08 16:00:00+00:00,142.77977299880524,2.0,11.0
domxem3-ECFABCC7F094,2023-05-08 17:00:00+00:00,220.56694071588367,2.0,11.0
domxem3-ECFABCC7F094,2023-05-08 18:00:00+00:00,160.30428711897738,2.0,11.0
domxem3-ECFABCC7F094,2023-05-08 19:00:00+00:00,38.2189620758483,2.0,11.0
domxem3-ECFABCC7F094,2023-05-08 20:00:00+00:00,59.63558498896247,2.0,11.0
domxem3-ECFABCC7F094,2023-05-08 21:00:00+00:00,50.21425149700599,2.0,11.0
domxem3-ECFABCC7F094,2023-05-08 22:00:00+00:00,41.87393103448276,2.0,11.0
domxem3-ECFABCC7F094,2023-05-08 23:00:00+00:00,39.72640350877193,2.0,11.0
domxem3-ECFABCC7F0D1,2023-05-08 00:00:00+00:00,76.27202898550725,2.0,20.0
domxem3-ECFABCC7F0D1,2023-05-08 01:00:00+00:00,74.88634730538922,2.0,20.0
domxem3-ECFABCC7F0D1,2023-05-08 02:00:00+00:00,71.19920634920635,2.0,20.0
domxem3-ECFABCC7F0D1,2023-05-08 03:00:00+00:00,66.28911949685535,2.0,20.0
domxem3-ECFABCC7F0D1,2023-05-08 04:00:00+00:00,68.74066666666666,2.0,20.0
domxem3-ECFABCC7F0D1,2023-05-08 05:00:00+00:00,61.06200421940928,2.0,20.0
domxem3-ECFABCC7F0D1,2023-05-08 06:00:00+00:00,66.22708561020036,2.0,20.0
domxem3-ECFABCC7F0D1,2023-05-08 07:00:00+00:00,148.93200227531284,2.0,20.0
domxem3-ECFABCC7F0D1,2023-05-08 08:00:00+00:00,76.1283547925608,2.0,20.0
domxem3-ECFABCC7F0D1,2023-05-08 09:00:00+00:00,167.7130094043887,2.0,20.0
domxem3-ECFABCC7F0D1,2023-05-08 10:00:00+00:00,110.85580861581921,2.0,20.0
domxem3-ECFABCC7F0D1,2023-05-08 11:00:00+00:00,258.8799305555556,2.0,20.0
domxem3-ECFABCC7F0D1,2023-05-08 12:00:00+00:00,249.1402672292546,2.0,20.0
domxem3-ECFABCC7F0D1,2023-05-08 13:00:00+00:00,83.2279186228482,2.0,20.0
domxem3-ECFABCC7F0D1,2023-05-08 14:00:00+00:00,56.176611418047884,2.0,20.0
domxem3-ECFABCC7F0D1,2023-05-08 15:00:00+00:00,54.7229055258467,2.0,20.0
domxem3-ECFABCC7F0D1,2023-05-08 16:00:00+00:00,132.85276497695853,2.0,20.0
domxem3-ECFABCC7F0D1,2023-05-08 17:00:00+00:00,156.9391503267974,2.0,20.0
domxem3-ECFABCC7F0D1,2023-05-08 18:00:00+00:00,239.51288888888888,2.0,20.0
domxem3-ECFABCC7F0D1,2023-05-08 19:00:00+00:00,147.99454545454546,2.0,20.0
domxem3-ECFABCC7F0D1,2023-05-08 20:00:00+00:00,124.46844594594594,2.0,20.0
domxem3-ECFABCC7F0D1,2023-05-08 21:00:00+00:00,117.8654192229039,2.0,20.0
domxem3-ECFABCC7F0D1,2023-05-08 22:00:00+00:00,141.982422907489,2.0,20.0
domxem3-ECFABCC7F0D1,2023-05-08 23:00:00+00:00,94.74497041420118,2.0,20.0
domxem3-ECFABCC7F100,2023-05-08 00:00:00+00:00,7.488464118041582,2.0,35.0
domxem3-ECFABCC7F100,2023-05-08 01:00:00+00:00,14.135936794582392,2.0,35.0
domxem3-ECFABCC7F100,2023-05-08 02:00:00+00:00,11.312326732673268,2.0,35.0
domxem3-ECFABCC7F100,2023-05-08 03:00:00+00:00,7.647704301075269,2.0,35.0
domxem3-ECFABCC7F100,2023-05-08 04:00:00+00:00,7.562214411247804,2.0,35.0
domxem3-ECFABCC7F100,2023-05-08 05:00:00+00:00,23.34987603305785,2.0,35.0
domxem3-ECFABCC7F100,2023-05-08 06:00:00+00:00,7.682448979591837,2.0,35.0
domxem3-ECFABCC7F100,2023-05-08 07:00:00+00:00,7.4272685185185185,2.0,35.0
domxem3-ECFABCC7F100,2023-05-08 08:00:00+00:00,10.593700564971751,2.0,35.0
domxem3-ECFABCC7F100,2023-05-08 09:00:00+00:00,17.52444812362031,2.0,35.0
domxem3-ECFABCC7F100,2023-05-08 10:00:00+00:00,7.479790897908979,2.0,35.0
domxem3-ECFABCC7F100,2023-05-08 11:00:00+00:00,7.462693548387097,2.0,35.0
domxem3-ECFABCC7F100,2023-05-08 12:00:00+00:00,13.943038348082595,2.0,35.0
domxem3-ECFABCC7F100,2023-05-08 13:00:00+00:00,11.854993540051678,2.0,35.0
domxem3-ECFABCC7F100,2023-05-08 14:00:00+00:00,7.453953365129836,2.0,35.0
domxem3-ECFABCC7F100,2023-05-08 15:00:00+00:00,7.59976231884058,2.0,35.0
domxem3-ECFABCC7F100,2023-05-08 16:00:00+00:00,48.73380952380952,2.0,35.0
domxem3-ECFABCC7F100,2023-05-08 17:00:00+00:00,81.24672268907563,2.0,35.0
domxem3-ECFABCC7F100,2023-05-08 18:00:00+00:00,240.6337445887446,2.0,35.0
domxem3-ECFABCC7F100,2023-05-08 19:00:00+00:00,1131.1698800959234,2.0,35.0
domxem3-ECFABCC7F100,2023-05-08 20:00:00+00:00,574.857611111111,2.0,35.0
domxem3-ECFABCC7F100,2023-05-08 21:00:00+00:00,553.8361432506887,2.0,35.0
domxem3-ECFABCC7F100,2023-05-08 22:00:00+00:00,527.831,2.0,35.0
domxem3-ECFABCC7F100,2023-05-08 23:00:00+00:00,276.169873015873,2.0,35.0
domxem3-ECFABCC7F15D,2023-05-08 00:00:00+00:00,70.91601307189542,2.0,37.0
domxem3-ECFABCC7F15D,2023-05-08 01:00:00+00:00,97.53151666666668,2.0,37.0
domxem3-ECFABCC7F15D,2023-05-08 02:00:00+00:00,77.57949367088608,2.0,37.0
domxem3-ECFABCC7F15D,2023-05-08 03:00:00+00:00,36.60399246704332,2.0,37.0
domxem3-ECFABCC7F15D,2023-05-08 04:00:00+00:00,29.32700354609929,2.0,37.0
domxem3-ECFABCC7F15D,2023-05-08 05:00:00+00:00,27.5451902587519,2.0,37.0
domxem3-ECFABCC7F15D,2023-05-08 06:00:00+00:00,29.109270833333333,2.0,37.0
domxem3-ECFABCC7F15D,2023-05-08 07:00:00+00:00,25.497109826589597,2.0,37.0
domxem3-ECFABCC7F15D,2023-05-08 08:00:00+00:00,27.328226495726497,2.0,37.0
domxem3-ECFABCC7F15D,2023-05-08 09:00:00+00:00,30.057931034482756,2.0,37.0
domxem3-ECFABCC7F15D,2023-05-08 10:00:00+00:00,77.49928669410151,2.0,37.0
domxem3-ECFABCC7F15D,2023-05-08 11:00:00+00:00,70.26954074074074,2.0,37.0
domxem3-ECFABCC7F15D,2023-05-08 12:00:00+00:00,84.82427203065133,2.0,37.0
domxem3-ECFABCC7F15D,2023-05-08 13:00:00+00:00,35.72011415525114,2.0,37.0
domxem3-ECFABCC7F15D,2023-05-08 14:00:00+00:00,32.62788671023965,2.0,37.0
domxem3-ECFABCC7F15D,2023-05-08 15:00:00+00:00,29.162102908277404,2.0,37.0
domxem3-ECFABCC7F15D,2023-05-08 16:00:00+00:00,42.73527777777778,2.0,37.0
domxem3-ECFABCC7F15D,2023-05-08 17:00:00+00:00,35.115065913371,2.0,37.0
domxem3-ECFABCC7F15D,2023-05-08 18:00:00+00:00,861.8179149232914,2.0,37.0
domxem3-ECFABCC7F15D,2023-05-08 19:00:00+00:00,335.32940262843493,2.0,37.0
domxem3-ECFABCC7F15D,2023-05-08 20:00:00+00:00,557.7383846497099,2.0,37.0
domxem3-ECFABCC7F15D,2023-05-08 21:00:00+00:00,1206.216766467066,2.0,37.0
domxem3-ECFABCC7F15D,2023-05-08 22:00:00+00:00,1007.7163083333334,2.0,37.0
domxem3-ECFABCC7F15D,2023-05-08 23:00:00+00:00,704.9011374407582,2.0,37.0
domxem3-FCF5C49559E1,2023-05-08 00:00:00+00:00,409.08927570711074,2.0,129.0
domxem3-FCF5C49559E1,2023-05-08 01:00:00+00:00,200.5473527905786,2.0,129.0
domxem3-FCF5C49559E1,2023-05-08 02:00:00+00:00,51.953656652360515,2.0,129.0
domxem3-FCF5C49559E1,2023-05-08 03:00:00+00:00,68.93092746400886,2.0,129.0
domxem3-FCF5C49559E1,2023-05-08 04:00:00+00:00,44.40224867724868,2.0,129.0
domxem3-FCF5C49559E1,2023-05-08 05:00:00+00:00,106.58919820919822,2.0,129.0
domxem3-FCF5C49559E1,2023-05-08 06:00:00+00:00,181.98333333333332,2.0,129.0
domxem3-FCF5C49559E1,2023-05-08 07:00:00+00:00,149.98208333333332,2.0,129.0
domxem3-FCF5C49559E1,2023-05-08 08:00:00+00:00,136.7211780104712,2.0,129.0
domxem3-FCF5C49559E1,2023-05-08 09:00:00+00:00,168.5230928597854,2.0,129.0
domxem3-FCF5C49559E1,2023-05-08 10:00:00+00:00,147.73380764163375,2.0,129.0
domxem3-FCF5C49559E1,2023-05-08 11:00:00+00:00,293.04613839285713,2.0,129.0
domxem3-FCF5C49559E1,2023-05-08 12:00:00+00:00,259.1912954186414,2.0,129.0
domxem3-FCF5C49559E1,2023-05-08 13:00:00+00:00,285.4056756756757,2.0,129.0
domxem3-FCF5C49559E1,2023-05-08 14:00:00+00:00,155.46404016064258,2.0,129.0
domxem3-FCF5C49559E1,2023-05-08 15:00:00+00:00,183.33842215256007,2.0,129.0
domxem3-FCF5C49559E1,2023-05-08 16:00:00+00:00,50.30651733333333,2.0,129.0
domxem3-FCF5C49559E1,2023-05-08 17:00:00+00:00,42.30825214053735,2.0,129.0
domxem3-FCF5C49559E1,2023-05-08 18:00:00+00:00,45.187423554344534,2.0,129.0
domxem3-FCF5C49559E1,2023-05-08 19:00:00+00:00,43.38111774744028,2.0,129.0
domxem3-FCF5C49559E1,2023-05-08 20:00:00+00:00,66.25833780960907,2.0,129.0
domxem3-FCF5C49559E1,2023-05-08 21:00:00+00:00,106.1779769299024,2.0,129.0
domxem3-FCF5C49559E1,2023-05-08 22:00:00+00:00,64.06713443396227,2.0,129.0
domxem3-FCF5C49559E1,2023-05-08 23:00:00+00:00,53.541721925133686,2.0,129.0
domxem3-FCF5C49641E6,2023-05-08 00:00:00+00:00,133.71091954022987,2.0,147.0
domxem3-FCF5C49641E6,2023-05-08 01:00:00+00:00,49.33768707482993,2.0,147.0
domxem3-FCF5C49641E6,2023-05-08 02:00:00+00:00,130.2141597796143,2.0,147.0
domxem3-FCF5C49641E6,2023-05-08 03:00:00+00:00,211.02356725146197,2.0,147.0
domxem3-FCF5C49641E6,2023-05-08 04:00:00+00:00,659.5911913814956,2.0,147.0
domxem3-FCF5C49641E6,2023-05-08 05:00:00+00:00,588.7196517412935,2.0,147.0
domxem3-FCF5C49641E6,2023-05-08 06:00:00+00:00,354.36558356676,2.0,147.0
domxem3-FCF5C49641E6,2023-05-08 07:00:00+00:00,513.97223615465,2.0,147.0
domxem3-FCF5C49641E6,2023-05-08 08:00:00+00:00,377.8663666014351,2.0,147.0
domxem3-FCF5C49641E6,2023-05-08 09:00:00+00:00,50.638743686868686,2.0,147.0
domxem3-FCF5C49641E6,2023-05-08 10:00:00+00:00,120.04024015369836,2.0,147.0
domxem3-FCF5C49641E6,2023-05-08 11:00:00+00:00,245.26787974683546,2.0,147.0
domxem3-FCF5C49641E6,2023-05-08 12:00:00+00:00,210.36950980392155,2.0,147.0
domxem3-FCF5C49641E6,2023-05-08 13:00:00+00:00,199.2743795379538,2.0,147.0
domxem3-FCF5C49641E6,2023-05-08 14:00:00+00:00,131.30316,2.0,147.0
domxem3-FCF5C49641E6,2023-05-08 15:00:00+00:00,220.97276360544217,2.0,147.0
domxem3-FCF5C49641E6,2023-05-08 16:00:00+00:00,671.3749806949806,2.0,147.0
domxem3-FCF5C49641E6,2023-05-08 17:00:00+00:00,512.9508235294118,2.0,147.0
domxem3-FCF5C49641E6,2023-05-08 18:00:00+00:00,359.5330828516378,2.0,147.0
domxem3-FCF5C49641E6,2023-05-08 19:00:00+00:00,246.54692810457516,2.0,147.0
domxem3-FCF5C49641E6,2023-05-08 20:00:00+00:00,40.93282051282051,2.0,147.0
domxem3-FCF5C49641E6,2023-05-08 21:00:00+00:00,44.95751644736842,2.0,147.0
domxem3-FCF5C49641E6,2023-05-08 22:00:00+00:00,72.24370728562218,2.0,147.0
domxem3-FCF5C49641E6,2023-05-08 23:00:00+00:00,100.53675438596491,2.0,147.0
